-- phpMyAdmin SQL Dump
-- version 3.3.9
-- http://www.phpmyadmin.net
--
-- Host: localhost
-- Generation Time: May 23, 2014 at 01:00 PM
-- Server version: 5.5.8
-- PHP Version: 5.3.5

SET SQL_MODE="NO_AUTO_VALUE_ON_ZERO";


/*!40101 SET @OLD_CHARACTER_SET_CLIENT=@@CHARACTER_SET_CLIENT */;
/*!40101 SET @OLD_CHARACTER_SET_RESULTS=@@CHARACTER_SET_RESULTS */;
/*!40101 SET @OLD_COLLATION_CONNECTION=@@COLLATION_CONNECTION */;
/*!40101 SET NAMES utf8 */;

--
-- Database: `datascri_changeforhealth`
--
CREATE DATABASE `datascri_changeforhealth` DEFAULT CHARACTER SET latin1 COLLATE latin1_swedish_ci;
USE `datascri_changeforhealth`;

-- --------------------------------------------------------

--
-- Table structure for table `development_budget`
--

CREATE TABLE IF NOT EXISTS `development_budget` (
  `id` int(11) NOT NULL AUTO_INCREMENT,
  `county` varchar(15) DEFAULT NULL,
  `2010_11` int(9) DEFAULT NULL,
  `2011_12` int(9) DEFAULT NULL,
  `2012_13` int(10) DEFAULT NULL,
  `2013_14` bigint(10) DEFAULT NULL,
  PRIMARY KEY (`id`)
) ENGINE=MyISAM  DEFAULT CHARSET=utf8 AUTO_INCREMENT=48 ;

--
-- Dumping data for table `development_budget`
--

INSERT INTO `development_budget` (`id`, `county`, `2010_11`, `2011_12`, `2012_13`, `2013_14`) VALUES
(1, 'Kisii', 244899044, 181379841, 480507242, 3274800000),
(2, 'Bomet', 121481044, 181491779, 213072745, 527200000),
(3, 'Laikipia', 91815044, 133661814, 211526902, 514749000),
(4, 'Kakamega', 241811958, 133957261, 524072875, 1273500000),
(5, 'Turkana', 89954958, 134741735, 284023410, 610000000),
(6, 'Bungoma', 166420958, 209115693, 492341833, 1027145000),
(7, 'Isiolo', 75732958, 118666435, 120542426, 236500000),
(8, 'Nyamira', 85654958, 153685141, 224772064, 432563000),
(9, 'Lamu', 64232958, 129049841, 98003463, 187450000),
(10, 'West Pokot', 85654958, 137141628, 208329545, 372064000),
(11, 'Marsabit', 109976958, 181365441, 188497302, 320000000),
(12, 'Busia', 187075044, 244462379, 370559075, 607519000),
(13, 'Garissa', 141451958, 185727111, 264795793, 422260000),
(14, 'Muranga', 226252743, 260079313, 324276980, 450000000),
(15, 'Nyandarua', 165903044, 220603014, 285524819, 376553000),
(16, 'Trans Nzoia', 85654958, 137141628, 263637459, 345510000),
(17, 'Mombasa', 170778044, 160470164, 405706224, 520000000),
(18, 'Elgeyo Marakwet', 126982958, 162995848, 218435122, 200000000),
(19, 'Machakos', 185134044, 212188464, 431209251, 388500000),
(20, 'Samburu', 69232958, 83727525, 170359526, 140500000),
(21, 'Meru', 225822247, 237959727, 519315088, 420000000),
(22, 'Baringo', 177525044, 235438314, 242384560, 195700000),
(23, 'Kiambu', 351513044, 319004584, 685720770, 549350000),
(24, 'Nairobi', 348748223, 353421140, 1112513446, 869500000),
(25, 'Uasin Gishu', 86274958, 137761628, 335642616, 260000000),
(26, 'Makueni', 162645958, 205813265, 469495449, 356160000),
(27, 'Taita Taveta', 118576958, 136489541, 191878654, 142177000),
(28, 'Kilifi', 117998958, 192480741, 435893498, 314537000),
(29, 'Wajir', 181598958, 430497335, 334940295, 235000000),
(30, 'Migori', 225451130, 304755522, 367695840, 250000000),
(31, 'Kisumu', 374485264, 419170799, 514999606, 349672000),
(32, 'Kirinyaga', 165249778, 219949748, 250956008, 164443000),
(33, 'Kwale', 100950958, 112951106, 305819394, 190200000),
(34, 'Vihiga', 118336958, 188510993, 217322156, 127795000),
(35, 'Nakuru', 245429004, 276099019, 537737136, 284765000),
(36, 'Mandera', 129245979, 199455713, 327147152, 160000000),
(37, 'Embu', 223451958, 416501928, 288085830, 134350000),
(38, 'Tana River', 91887958, 160229791, 156030841, 69955000),
(39, 'Nandi', 169053044, 223753014, 333939594, 125850000),
(40, 'Kajiado', 94154958, 161115693, 310282912, 90000000),
(41, 'Siaya', 193859044, 226387529, 337205039, 95300000),
(42, 'Narok', 191456130, 242942800, 287233415, 80000000),
(43, 'Kericho', 127498958, 194886293, 338199428, 92000000),
(44, 'Kitui', 255705058, 320044928, 454783030, 105000000),
(45, 'Homa Bay', 141920958, 123582191, 391239275, 60700000),
(46, 'Nyeri', 447160740, 475246562, 397808199, 25000000),
(47, 'Tharaka Nithi', 69232958, 111556328, 166607515, 9936000);

-- --------------------------------------------------------

--
-- Table structure for table `development_budget_piechart`
--

CREATE TABLE IF NOT EXISTS `development_budget_piechart` (
  `id` int(5) NOT NULL AUTO_INCREMENT,
  `county` varchar(16) DEFAULT NULL,
  `development_total` bigint(11) DEFAULT NULL,
  `health_spending` bigint(10) DEFAULT NULL,
  `other_development` bigint(11) DEFAULT NULL,
  PRIMARY KEY (`id`)
) ENGINE=InnoDB  DEFAULT CHARSET=utf8 AUTO_INCREMENT=48 ;

--
-- Dumping data for table `development_budget_piechart`
--

INSERT INTO `development_budget_piechart` (`id`, `county`, `development_total`, `health_spending`, `other_development`) VALUES
(1, 'Kakamega', 7168300000, 1273500000, 5894800000),
(2, 'Kisii', 25838697000, 3274800000, 22563897000),
(3, 'Lamu', 1367397000, 187450000, 1179947000),
(4, 'Isiolo', 1716625000, 236500000, 1480125000),
(5, 'Laikipia', 3203468000, 514749000, 2688719000),
(6, 'Busia', 2250326000, 607519000, 1642807000),
(7, 'Marsabit', 1966481000, 320000000, 1646481000),
(8, 'West Pokot', 1149339000, 372064000, 777275000),
(9, 'Bomet', 3012107000, 527200000, 2484907000),
(10, 'Nyamira', 3253261000, 432563000, 2820698000),
(11, 'Turkana', 5275000000, 610000000, 4665000000),
(12, 'Garissa', 1571256000, 422260000, 1148996000),
(13, 'Nyandarua', 2613553000, 376553000, 2237000000),
(14, 'Bungoma', 3637388000, 1027145000, 2610243000),
(15, 'Samburu', 1459460000, 140500000, 1318960000),
(16, 'Mombasa', 11192491000, 520000000, 10672491000),
(17, 'Elgeyo Marakwet', 1522069000, 200000000, 1322069000),
(18, 'Taita Taveta', 1215088000, 142177000, 1072911000),
(19, 'Muranga', 1861000000, 450000000, 1411000000),
(20, 'Trans Nzoia', 1650181000, 345510000, 1304671000),
(21, 'Makueni', 2245753000, 356160000, 1889593000),
(22, 'Kisumu', 3411611000, 349672000, 3061939000),
(23, 'Wajir', 4171600000, 235000000, 3936600000),
(24, 'Machakos', 4118560000, 388500000, 3730060000),
(25, 'Baringo', 1787100000, 195700000, 1591400000),
(26, 'Kiambu', 5467789000, 549350000, 4918439000),
(27, 'Kirinyaga', 989211000, 164443000, 824768000),
(28, 'Meru', 6572370000, 420000000, 6152370000),
(29, 'Kwale', 1074354000, 190200000, 884154000),
(30, 'Tana River', 1167455000, 69955000, 1097500000),
(31, 'Uasin Gishu', 2059700000, 260000000, 1799700000),
(32, 'Kilifi', 3111093000, 314537000, 2796556000),
(33, 'Nairobi', 7599500000, 869500000, 6730000000),
(34, 'Migori', 2240974000, 250000000, 1990974000),
(35, 'Embu', 1560183000, 134350000, 1425833000),
(36, 'Vihiga', 2447706000, 127795000, 2319911000),
(37, 'Nakuru', 3497359000, 284765000, 3212594000),
(38, 'Nandi', 2630241000, 125850000, 2504391000),
(39, 'Mandera', 4186810000, 160000000, 4026810000),
(40, 'Kajiado', 1062786000, 90000000, 972786000),
(41, 'Kericho', 1393000000, 92000000, 1301000000),
(42, 'Siaya', 3098952000, 95300000, 3003652000),
(43, 'Kitui', 2689894000, 105000000, 2584894000),
(44, 'Narok', 3979329000, 80000000, 3899329000),
(45, 'Homa Bay', 2657950000, 60700000, 2597250000),
(46, 'Nyeri', 2427844000, 25000000, 2402844000),
(47, 'Tharaka Nithi', 1313993000, 9936000, 1304057000);

-- --------------------------------------------------------

--
-- Table structure for table `health_spending`
--

CREATE TABLE IF NOT EXISTS `health_spending` (
  `county` varchar(16) DEFAULT NULL,
  `population_2013` varchar(9) DEFAULT NULL,
  `health_spending` bigint(10) DEFAULT NULL,
  `health_spending_per_person` int(4) DEFAULT NULL,
  `percentage_health_expenditure` varchar(6) DEFAULT NULL,
  `people_living_with_hiv_on_arvs_2012` int(5) DEFAULT NULL,
  `malaria_cases_per_100000_people_2012` int(5) DEFAULT NULL,
  `TB_prevalence_per_100000 people_2012` int(3) DEFAULT NULL,
  `tb_incidence_per_100000_people_2012` int(3) DEFAULT NULL
) ENGINE=InnoDB DEFAULT CHARSET=utf8;

--
-- Dumping data for table `health_spending`
--

INSERT INTO `health_spending` (`county`, `population_2013`, `health_spending`, `health_spending_per_person`, `percentage_health_expenditure`, `people_living_with_hiv_on_arvs_2012`, `malaria_cases_per_100000_people_2012`, `TB_prevalence_per_100000 people_2012`, `tb_incidence_per_100000_people_2012`) VALUES
('Kisii', '1,281,860', 3274800000, 2555, '10.80%', 14509, 23205, 170, 23),
('Lamu', '112,957', 187450000, 1659, '8.50%', 671, 24403, 208, 90),
('Isiolo', '159,408', 236500000, 1484, '7.30%', 1017, 29850, 338, 137),
('Laikipia', '444,121', 514749000, 1159, '8.70%', 1764, 12164, 159, 65),
('Marsabit', '323,909', 320000000, 988, '8.00%', 956, 8952, 236, 85),
('Busia', '827,605', 607519000, 734, '15.50%', 16970, 77510, 329, 93),
('Kakamega', '1,847,397', 1273500000, 689, '9.60%', 18597, 37295, 185, 53),
('Bungoma', '1,529,693', 1027145000, 671, '11.80%', 12545, 24506, 127, 39),
('Bomet', '805,623', 527200000, 654, '10.40%', 3797, 19962, 174, 76),
('West Pokot', '570,344', 372064000, 652, '12.30%', 979, 24880, 191, 85),
('Nyamira', '665,527', 432563000, 650, '7.30%', 8321, 17722, 139, 45),
('Turkana', '951,591', 610000000, 641, '7.40%', 2297, 18923, 200, 66),
('Garissa', '693,125', 422260000, 609, '8.70%', 966, 4769, 119, 40),
('Nyandarua', '663,320', 376553000, 568, '8.70%', 5187, 5281, 126, 50),
('Samburu', '249,131', 140500000, 564, '4.60%', 358, 18461, 211, 88),
('Mombasa', '1,045,005', 520000000, 498, '2.40%', 26442, 16609, 535, 229),
('Elgeyo Marakwet', '411,605', 200000000, 486, '5.70%', 1121, 25528, 109, 44),
('Taita Taveta', '316,668', 142177000, 449, '4.90%', 2187, 17098, 211, 83),
('Muranga', '1,048,577', 450000000, 429, '8.00%', 7005, 2824, 183, 77),
('Trans Nzoia', '910,829', 345510000, 379, '7.30%', 6248, 18053, 155, 50),
('Makueni', '983,995', 356160000, 362, '6.00%', 8009, 22042, 52, 20),
('Kisumu', '1,077,866', 349672000, 324, '3.40%', 40700, 41752, 379, 126),
('Wajir', '736,378', 235000000, 319, '3.40%', 159, 5125, 125, 51),
('Machakos', '1,222,123', 388500000, 318, '5.00%', 10383, 16459, 60, 26),
('Baringo', '618,036', 195700000, 317, '4.10%', 2423, 28051, 108, 42),
('Kiambu', '1,805,825', 549350000, 304, '4.30%', 18999, 4457, 257, 104),
('Kirinyaga', '587,435', 164443000, 280, '5.00%', 5605, 6723, 263, 110),
('Meru', '1,508,821', 420000000, 278, '5.10%', 10319, 32549, 158, 80),
('Kwale', '723,018', 190200000, 263, '4.70%', 3600, 30166, 197, 73),
('Tana River', '267,072', 69955000, 262, '2.20%', 361, 15243, 146, 63),
('Uasin Gishu', '994,732', 260000000, 261, '4.50%', 16579, 23028, 190, 67),
('Kilifi', '1,234,528', 314537000, 255, '3.50%', 10996, 20297, 220, 73),
('Nairobi', '3,491,289', 869500000, 249, '3.40%', 82446, 4601, 490, 172),
('Migori', '1,020,309', 250000000, 245, '3.80%', 22965, 40440, 309, 64),
('Embu', '574,262', 134350000, 234, '4.10%', 4251, 34122, 66, 25),
('Vihiga', '616,991', 127795000, 207, '2.10%', 6575, 36704, 198, 64),
('Nakuru', '1,783,624', 284765000, 160, '3.10%', 14530, 20639, 237, 80),
('Nandi', '837,638', 125850000, 150, '2.90%', 4512, 31012, 83, 41),
('Mandera', '1,141,106', 160000000, 140, '2.00%', 109, 2495, 126, 52),
('Kajiado', '764,602', 90000000, 118, '2.20%', 2180, 20442, 292, 100),
('Kericho', '843,617', 92000000, 109, '2.60%', 10480, 29122, 248, 110),
('Siaya', '937,024', 95300000, 102, '1.60%', 42267, 57462, 322, 100),
('Kitui', '1,126,591', 105000000, 93, '1.60%', 10938, 30126, 71, 29),
('Narok', '946,609', 80000000, 85, '0.80%', 3430, 12230, 159, 69),
('Homa Bay', '1,072,176', 60700000, 57, '1.10%', 45103, 44668, 426, 105),
('Nyeri', '771,551', 25000000, 32, '0.50%', 9905, 543, 234, 82),
('Tharaka Nithi', '406,413', 9936000, 24, '0.40%', 4239, 52833, 62, 24);

-- --------------------------------------------------------

--
-- Table structure for table `robbing_the_poor`
--

CREATE TABLE IF NOT EXISTS `robbing_the_poor` (
  `id` int(2) NOT NULL AUTO_INCREMENT,
  `county` varchar(16) DEFAULT NULL,
  `population_june_2013` varchar(9) DEFAULT NULL,
  `poverty_line_percentage` decimal(3,1) DEFAULT NULL,
  `opct_2013_14` int(4) DEFAULT NULL,
  `ct_ovc_2013_14` int(5) DEFAULT NULL,
  `pwsdct_2013_14` int(4) DEFAULT NULL,
  `poor` decimal(10,4) DEFAULT NULL,
  `total` int(5) DEFAULT NULL,
  `proportion` int(2) DEFAULT NULL,
  `percentage` varchar(3) DEFAULT NULL,
  PRIMARY KEY (`id`)
) ENGINE=InnoDB  DEFAULT CHARSET=utf8 AUTO_INCREMENT=48 ;

--
-- Dumping data for table `robbing_the_poor`
--

INSERT INTO `robbing_the_poor` (`id`, `county`, `population_june_2013`, `poverty_line_percentage`, `opct_2013_14`, `ct_ovc_2013_14`, `pwsdct_2013_14`, `poor`, `total`, `proportion`, `percentage`) VALUES
(1, 'Mandera', '1,141,106', 85.8, 2285, 4674, 678, 979068.6131, 15139, 65, '2%'),
(2, 'Turkana', '951,591', 87.5, 2117, 4674, 678, 832642.4830, 14732, 57, '2%'),
(3, 'Kwale', '723,018', 70.7, 1612, 3320, 452, 511173.6284, 11193, 46, '2%'),
(4, 'Wajir', '736,378', 84.2, 2142, 4803, 678, 620030.6344, 15123, 41, '2%'),
(5, 'West Pokot', '570,344', 66.3, 1332, 3116, 452, 378137.8490, 9649, 39, '3%'),
(6, 'Kilifi', '1,234,528', 58.4, 2725, 6566, 791, 720964.5402, 22338, 32, '3%'),
(7, 'Makueni', '983,995', 60.6, 1735, 6114, 678, 596300.9383, 20212, 30, '3%'),
(8, 'Kitui', '1,126,591', 60.4, 2354, 6941, 904, 680461.2249, 23719, 29, '3%'),
(9, 'Bungoma', '1,529,693', 47.3, 2970, 7776, 1017, 723544.9412, 25612, 28, '4%'),
(10, 'Garissa', '693,125', 58.9, 1808, 5130, 678, 408250.7018, 15194, 27, '4%'),
(11, 'Kisii', '1,281,860', 51.4, 2568, 7528, 1017, 658875.9739, 25044, 26, '4%'),
(12, 'Bomet', '805,623', 51.3, 1864, 4499, 1130, 413284.6395, 15837, 26, '4%'),
(13, 'Trans Nzoia', '910,829', 41.2, 1385, 4274, 565, 375261.5054, 14386, 26, '4%'),
(14, 'Kakamega', '1,847,397', 49.2, 4120, 10202, 1356, 908919.1392, 35136, 26, '4%'),
(15, 'Nyamira', '665,527', 50.7, 1108, 3965, 452, 337422.3866, 13057, 26, '4%'),
(16, 'Nakuru', '1,783,624', 33.5, 2493, 7210, 1017, 597514.0831, 23185, 26, '4%'),
(17, 'Mombasa', '1,045,005', 34.8, 1687, 4674, 678, 363661.8173, 14588, 25, '4%'),
(18, 'Tana River', '267,072', 75.6, 945, 2399, 339, 201906.5962, 8259, 24, '4%'),
(19, 'Kajiado', '764,602', 38.0, 1385, 3895, 565, 290548.9414, 11975, 24, '4%'),
(20, 'Laikipia', '444,121', 47.9, 831, 2681, 339, 212734.1405, 8775, 24, '4%'),
(21, 'Kericho', '843,617', 39.3, 1662, 4674, 678, 331541.3613, 14178, 23, '4%'),
(22, 'Uasin Gishu', '994,732', 33.8, 1662, 4674, 678, 336219.5332, 14415, 23, '4%'),
(23, 'Marsabit', '323,909', 75.8, 1558, 3202, 452, 245522.6937, 10715, 23, '4%'),
(24, 'Nandi', '837,638', 40.0, 1662, 4790, 678, 335055.3486, 15320, 22, '5%'),
(25, 'Machakos', '1,222,123', 42.6, 2744, 7070, 904, 520624.5496, 24242, 21, '5%'),
(26, 'Baringo', '618,036', 52.2, 2154, 4674, 678, 322614.6080, 15046, 21, '5%'),
(27, 'Meru', '1,508,821', 31.0, 2574, 7011, 1017, 467734.6568, 22009, 21, '5%'),
(28, 'Elgeyo Marakwet', '411,605', 52.7, 1629, 3116, 452, 216916.0893, 10210, 21, '5%'),
(29, 'Nyandarua', '663,320', 38.8, 1385, 3895, 339, 257368.2696, 12174, 21, '5%'),
(30, 'Nairobi', '3,491,289', 21.8, 4846, 13422, 1921, 761100.9662, 38293, 20, '5%'),
(31, 'Migori', '1,020,309', 49.6, 2756, 8202, 904, 506073.1448, 25605, 20, '5%'),
(32, 'Homa Bay', '1,072,176', 48.4, 2429, 8243, 791, 518933.0778, 26959, 19, '5%'),
(33, 'Busia', '827,605', 60.4, 2246, 8290, 791, 499873.5139, 26850, 19, '5%'),
(34, 'Samburu', '249,131', 71.4, 1271, 2767, 339, 177879.2277, 9658, 18, '5%'),
(35, 'Narok', '946,609', 41.0, 2166, 6379, 678, 388109.5797, 21966, 18, '6%'),
(36, 'Kisumu', '1,077,866', 39.9, 2927, 7523, 791, 430068.5256, 25922, 17, '6%'),
(37, 'Murang''a', '1,048,577', 33.2, 2776, 6457, 791, 348127.6668, 21324, 16, '6%'),
(38, 'Kiambu', '1,805,825', 24.2, 3444, 9348, 1356, 437009.7367, 27928, 16, '6%'),
(39, 'Taita Taveta', '316,668', 50.4, 1108, 3116, 452, 159600.4747, 10298, 15, '6%'),
(40, 'Tharaka - Nithi', '406,413', 41.0, 1341, 3159, 339, 166629.1458, 10875, 15, '7%'),
(41, 'Embu', '574,262', 35.3, 1326, 3929, 452, 202714.3886, 13416, 15, '7%'),
(42, 'Siaya', '937,024', 38.2, 2026, 7206, 678, 357943.1044, 23950, 15, '7%'),
(43, 'Vihiga', '616,991', 38.9, 1385, 4954, 565, 240009.5200, 16466, 15, '7%'),
(44, 'Nyeri', '771,551', 27.6, 2172, 4718, 678, 212948.0375, 15773, 14, '7%'),
(45, 'Kirinyaga', '587,435', 25.9, 1052, 3744, 452, 152145.7675, 11574, 13, '8%'),
(46, 'Isiolo', '159,408', 65.3, 826, 2748, 226, 104093.3443, 9163, 11, '9%'),
(47, 'Lamu', '112,957', 32.3, 554, 1558, 226, 36485.2376, 4605, 8, '13%');
